"Pollster","Dates","N.Pop","McCain","Obama","Barr","Nader","Other","Undecided","Margin","Starting.Date","End.Date","Len","Day","N","Pop","MainPollster"
"DailyKos.com (D)/Research 2000","10/22-24/08","1100 LV",40,52,"2","2","2","2","+12D","10/22/08","10/24/08",3,297,1100,"LV","DailyKos"
"Rasmussen","10/22-24/08","3000 LV",44,52,"-","-","-","-","+8D","10/22/08","10/24/08",3,297,3000,"LV","Rasmussen"
"Diageo/Hotline","10/22-24/08","869 LV",43,50,"-","-","-","5","+7D","10/22/08","10/24/08",3,297,869,"LV","Hotline"
"Gallup","10/22-24/08","2358 LV",43,51,"-","-","1","5","+8D","10/22/08","10/24/08",3,297,2358,"LV","Gallup"
"Reuters/ C-SPAN/ Zogby","10/21-24/08","1203 LV",42,51,"-","-","-","7","+9D","10/21/08","10/24/08",4,296.5,1203,"LV","Zogby"
"ABC/Post","10/21-24/08","1321 LV",44,53,"-","-","2","2","+9D","10/21/08","10/24/08",4,296.5,1321,"LV",NA
"IBD/TIPP","10/20-24/08","989 LV",42,46,"-","-","-","12","+4D","10/20/08","10/24/08",5,296,989,"LV",NA
"Newsweek","10/22-23/08","882 LV",41,53,"-","-","1","5","+12D","10/22/08","10/23/08",2,296.5,882,"LV",NA
"Democracy Corps (D)","10/21-23/08","1000 LV",43,52,"1","2","-","1","+9D","10/21/08","10/23/08",3,296,1000,"LV",NA
"GWU (Lake/Tarrance)","10/17-23/08","1000 LV",46,49,"-","-","-","-","+3D","10/17/08","10/23/08",7,294,1000,"LV","GWU"
"Big Ten","10/19-22/08","1014 LV",43,52,"-","-","1","5","+9D","10/19/08","10/22/08",4,294.5,1014,"LV",NA
"CBS/Times","10/19-22/08","699 LV",39,52,"-","-","2","7","+13D","10/19/08","10/22/08",4,294.5,699,"LV","NY Times"
"FOX","10/20-21/08","936 LV",40,49,"-","-","2","8","+9D","10/20/08","10/21/08",2,294.5,936,"LV","FOX"
"Economist/YouGov","10/20-21/08","1000 A",41,49,"-","-","3","6","+8D","10/20/08","10/21/08",2,294.5,1000,"A",NA
"DailyKos.com (D)/Research 2000","10/19-21/08","1100 LV",41,51,"2","2","1","3","+10D","10/19/08","10/21/08",3,294,1100,"LV","DailyKos"
"Rasmussen","10/19-21/08","3000 LV",45,51,"-","-","-","-","+6D","10/19/08","10/21/08",3,294,3000,"LV","Rasmussen"
"Diageo/Hotline","10/19-21/08","782 LV",42,47,"-","-","-","8","+5D","10/19/08","10/21/08",3,294,782,"LV","Hotline"
"Gallup","10/19-21/08","2331 LV",44,52,"-","-","-","5","+8D","10/19/08","10/21/08",3,294,2331,"LV","Gallup"
"Reuters/ C-SPAN/ Zogby","10/18-20/08","1214 LV",42,50,"-","-","-","7","+8D","10/18/08","10/20/08",3,293,1214,"LV","Zogby"
"ARG","10/18-20/08","1200 LV",45,49,"-","-","-","6","+4D","10/18/08","10/20/08",3,293,1200,"LV",NA
"ABC/Post","10/17-20/08","1324 LV",44,53,"-","-","2","2","+9D","10/17/08","10/20/08",4,292.5,1324,"LV",NA
"NBC/WSJ","10/17-20/08","1159 RV",42,52,"-","-","2","4","+10D","10/17/08","10/20/08",4,292.5,1159,"RV",NA
"Ipsos/McClatchy","10/16-20/08","773 LV",42,50,"-","-","1","7","+8D","10/16/08","10/20/08",5,292,773,"LV",NA
"AP-Gfk","10/16-20/08","800 LV",43,44,"1","1","8","4","+1D","10/16/08","10/20/08",5,292,800,"LV",NA
"Harris Interactive","10/16-20/08","1390 LV",44,50,"1","1","1","3","+6D","10/16/08","10/20/08",5,292,1390,"LV",NA
"CNN","10/17-19/08","746 LV",46,51,"-","-","-","1","+5D","10/17/08","10/19/08",3,292,746,"LV","CNN"
"Pew","10/16-19/08","2382 LV",39,53,"-","-","-","8","+14D","10/16/08","10/19/08",4,291.5,2382,"LV",NA
"IBD/TIPP","10/15-19/08","850 LV",41,47,"-","-","-","12","+6D","10/15/08","10/19/08",5,291,850,"LV",NA
"Democracy Corps (D)","10/15-19/08","1000 LV",44,49,"2","3","0","2","+5D","10/15/08","10/19/08",5,291,1000,"LV",NA
"Franklin and Marshall/Hearst-Argyle","10/13-19/08","LV",45,50,"-","-","-","-","+5D","10/13/08","10/19/08",7,290,NA,"LV",NA
"DailyKos.com (D)/Research 2000","10/16-18/08","1100 LV",43,50,"2","2","1","2","+7D","10/16/08","10/18/08",3,291,1100,"LV","DailyKos"
"Rasmussen","10/16-18/08","3000 LV",45,51,"-","-","-","-","+6D","10/16/08","10/18/08",3,291,3000,"LV","Rasmussen"
"Diageo/Hotline","10/16-18/08","785 LV",41,48,"-","-","-","8","+7D","10/16/08","10/18/08",3,291,785,"LV","Hotline"
"Gallup","10/16-18/08","2277 LV",44,51,"-","-","-","4","+7D","10/16/08","10/18/08",3,291,2277,"LV","Gallup"
"Reuters/ C-SPAN/ Zogby","10/15-17/08","1209 LV",44,48,"-","-","-","7","+4D","10/15/08","10/17/08",3,290,1209,"LV","Zogby"
"GWU (Lake/Tarrance)","10/12-16/08","1000 LV",45,49,"-","-","-","6","+4D","10/12/08","10/16/08",5,288,1000,"LV","GWU"
"DailyKos.com (D)/Research 2000","10/13-15/08","1100 LV",41,52,"2","2","1","2","+11D","10/13/08","10/15/08",3,288,1100,"LV","DailyKos"
"Rasmussen","10/13-15/08","3000 LV",46,50,"-","-","-","-","+4D","10/13/08","10/15/08",3,288,3000,"LV","Rasmussen"
"Diageo/Hotline","10/13-15/08","817 LV",41,49,"-","-","-","7","+8D","10/13/08","10/15/08",3,288,817,"LV","Hotline"
"Gallup","10/13-15/08","2312 LV",45,51,"-","-","1","4","+6D","10/13/08","10/15/08",3,288,2312,"LV","Gallup"
"IBD/TIPP","10/9-14/08","872 LV",42,45,"-","-","-","13","+3D","10/9/08","10/14/08",6,285.5,872,"LV",NA
"ARG","10/11-13/08","1200 LV",45,50,"-","-","-","5","+5D","10/11/08","10/13/08",3,286,1200,"LV",NA
"Reuters/ C-SPAN/ Zogby","10/10-13/08","1208 LV",43,49,"-","-","-","8","+6D","10/10/08","10/13/08",4,285.5,1208,"LV","Zogby"
"CBS/Times","10/10-13/08","699 LV",39,53,"-","-","1","7","+14D","10/10/08","10/13/08",4,285.5,699,"LV","NY Times"
"Times/Bloomberg","10/10-13/08","1030 LV",41,50,"-","-","2","7","+9D","10/10/08","10/13/08",4,285.5,1030,"LV","NY Times"
"Ipsos/McClatchy","10/9-13/08","1036 RV",39,48,"1","2","-","10","+9D","10/9/08","10/13/08",5,285,1036,"RV",NA
"Economist/YouGov","10/11-12/08","1000 A",42,48,"-","-","4","5","+6D","10/11/08","10/12/08",2,285.5,1000,"A",NA
"DailyKos.com (D)/Research 2000","10/10-12/08","1100 LV",40,52,"2","2","1","3","+12D","10/10/08","10/12/08",3,285,1100,"LV","DailyKos"
"Rasmussen","10/10-12/08","3000 LV",45,50,"-","-","-","-","+5D","10/10/08","10/12/08",3,285,3000,"LV","Rasmussen"
"Diageo/Hotline","10/10-12/08","823 LV",42,48,"-","-","-","6","+6D","10/10/08","10/12/08",3,285,823,"LV","Hotline"
"Gallup","10/10-12/08","2286 LV",45,51,"-","-","0","4","+6D","10/10/08","10/12/08",3,285,2286,"LV","Gallup"
"USA Today/Gallup","10/10-12/08","1030 LV",45,52,"-","-","-","2","+7D","10/10/08","10/12/08",3,285,1030,"LV","Gallup"
"Pew","10/9-12/08","1191 LV",42,49,"-","-","-","9","+7D","10/9/08","10/12/08",4,284.5,1191,"LV",NA
"Democracy Corps (D)","10/8-12/08","1000 LV",40,50,"3","2","0","5","+10D","10/8/08","10/12/08",5,284,1000,"LV",NA
"ABC/Post","10/8-11/08","766 LV",43,53,"-","-","2","2","+10D","10/8/08","10/11/08",4,283.5,766,"LV",NA
"FOX","10/8-9/08","900 RV",39,46,"-","-","-","11","+7D","10/8/08","10/9/08",2,282.5,900,"RV","FOX"
"Newsweek","10/8-9/08","1035 RV",41,52,"-","-","-","6","+11D","10/8/08","10/9/08",2,282.5,1035,"RV",NA
"DailyKos.com (D)/Research 2000","10/7-9/08","1100 LV",40,52,"2","2","2","2","+12D","10/7/08","10/9/08",3,282,1100,"LV","DailyKos"
"Rasmussen","10/7-9/08","3000 LV",45,50,"-","-","-","-","+5D","10/7/08","10/9/08",3,282,3000,"LV","Rasmussen"
"Diageo/Hotline","10/7-9/08","838 LV",41,48,"-","-","-","7","+7D","10/7/08","10/9/08",3,282,838,"LV","Hotline"
"Gallup","10/7-9/08","2784 RV",41,51,"-","-","1","7","+10D","10/7/08","10/9/08",3,282,2784,"RV","Gallup"
"Reuters/ C-SPAN/ Zogby","10/6-9/08","1203 LV",43,48,"-","-","-","9","+5D","10/6/08","10/9/08",4,281.5,1203,"LV","Zogby"
"GWU (Lake/Tarrance)","10/6-9/08","800 LV",43,51,"-","-","-","6","+8D","10/6/08","10/9/08",4,281.5,800,"LV","GWU"
"DailyKos.com (D)/Research 2000","10/4-6/08","1100 LV",41,52,"2","2","2","1","+11D","10/4/08","10/6/08",3,279,1100,"LV","DailyKos"
"Rasmussen","10/4-6/08","3000 LV",44,52,"-","-","-","-","+8D","10/4/08","10/6/08",3,279,3000,"LV","Rasmussen"
"Diageo/Hotline","10/4-6/08","909 LV",44,46,"-","-","-","9","+2D","10/4/08","10/6/08",3,279,909,"LV","Hotline"
"ARG","10/4-6/08","1200 LV",45,49,"-","-","-","6","+4D","10/4/08","10/6/08",3,279,1200,"LV",NA
"Gallup","10/4-6/08","2747 RV",42,51,"-","-","-","7","+9D","10/4/08","10/6/08",3,279,2747,"RV","Gallup"
"Economist/YouGov","10/4-6/08","1000 A",43,46,"-","-","3","6","+3D","10/4/08","10/6/08",3,279,1000,"A",NA
"Time","10/3-6/08","1053 LV",43,48,"-","-","2","7","+5D","10/3/08","10/6/08",4,278.5,1053,"LV",NA
"Ipsos/McClatchy","10/2-6/08","858 RV",40,47,"1","3","-","9","+7D","10/2/08","10/6/08",5,278,858,"RV",NA
"NBC/WSJ","10/4-5/08","658 RV",43,49,"-","-","3","5","+6D","10/4/08","10/5/08",2,278.5,658,"RV",NA
"CNN","10/3-5/08","694 LV",45,53,"-","-","-","2","+8D","10/3/08","10/5/08",3,278,694,"LV","CNN"
"CBS","10/3-5/08","616 LV",45,48,"-","-","0","9","+3D","10/3/08","10/5/08",3,278,616,"LV",NA
"Democracy Corps (D)","10/1-5/08","1000 LV",45,48,"2","3","2","1","+3D","10/1/08","10/5/08",5,277,1000,"LV",NA
"GWU (Lake/Tarrance)","9/30-10/5/08","800 LV",43,50,"-","-","-","7","+7D","9/30/08","10/5/08",6,276.5,800,"LV","GWU"
"Zogby (Internet)","10/2-3/08","2873 LV",44,48,"-","-","-","8","+4D","10/2/08","10/3/08",2,276.5,2873,"LV","Zogby"
"DailyKos.com (D)/Research 2000","10/1-3/08","1100 LV",40,52,"2","2","2","2","+12D","10/1/08","10/3/08",3,276,1100,"LV","DailyKos"
"Rasmussen","10/1-3/08","3000 LV",45,51,"-","-","-","-","+6D","10/1/08","10/3/08",3,276,3000,"LV","Rasmussen"
"Diageo/Hotline","10/1-3/08","915 LV",41,48,"-","-","-","9","+7D","10/1/08","10/3/08",3,276,915,"LV","Hotline"
"Gallup","10/1-3/08","2703 RV",42,50,"-","-","-","8","+8D","10/1/08","10/3/08",3,276,2703,"RV","Gallup"
"DailyKos.com (D)/Research 2000","9/28-30/08","1100 LV",41,51,"2","2","2","2","+10D","9/28/08","9/30/08",3,273,1100,"LV","DailyKos"
"Diageo/Hotline","9/28-30/08","902 RV",42,47,"-","-","-","9","+5D","9/28/08","9/30/08",3,273,902,"RV","Hotline"
"Rasmussen","9/28-30/08","3000 LV",45,51,"-","-","-","-","+6D","9/28/08","9/30/08",3,273,3000,"LV","Rasmussen"
"Democracy Corps (D)","9/28-30/08","1000 LV",45,49,"1","2","0","2","+4D","9/28/08","9/30/08",3,273,1000,"LV",NA
"Gallup","9/28-30/08","2746 RV",44,48,"-","-","-","8","+4D","9/28/08","9/30/08",3,273,2746,"RV","Gallup"
"Marist College","9/28-30/08","943 LV",44,49,"-","-","1","6","+5D","9/28/08","9/30/08",3,273,943,"LV",NA
"AP-Gfk","9/27-30/08","808 LV",41,48,"1","2","4","3","+7D","9/27/08","9/30/08",4,272.5,808,"LV",NA
"CBS","9/27-30/08","LV",41,50,"-","-","1","8","+9D","9/27/08","9/30/08",4,272.5,NA,"LV",NA
"ARG","9/27-29/08","1200 LV",45,49,"-","-","-","6","+4D","9/27/08","9/29/08",3,272,1200,"LV",NA
"ABC/Post","9/27-29/08","916 LV",46,50,"-","-","2","2","+4D","9/27/08","9/29/08",3,272,916,"LV",NA
"Pew","9/27-29/08","1181 LV",43,49,"-","-","-","8","+6D","9/27/08","9/29/08",3,272,1181,"LV",NA
"Economist/YouGov","9/27-29/08","1000 A",42,47,"-","-","5","6","+5D","9/27/08","9/29/08",3,272,1000,"A",NA
"Time","9/26-29/08","1133 LV",43,50,"-","-","2","5","+7D","9/26/08","9/29/08",4,271.5,1133,"LV",NA
"Ipsos/McClatchy","9/26-29/08","1007 RV",42,46,"1","2","-","9","+4D","9/26/08","9/29/08",4,271.5,1007,"RV",NA
"GWU (Lake/Tarrance)","9/22-28/08","1000 LV",48,46,"-","-","-","6","+2R","9/22/08","9/28/08",7,269,1000,"LV","GWU"
"Zogby (Internet)","9/26-27/08","2102 LV",46,47,"-","-","-","7","+1D","9/26/08","9/27/08",2,270.5,2102,"LV","Zogby"
"Rasmussen","9/25-27/08","3000 LV",44,50,"-","-","-","-","+6D","9/25/08","9/27/08",3,270,3000,"LV","Rasmussen"
"DailyKos.com (D)/Research 2000","9/25-27/08","1100 LV",43,50,"2","2","2","2","+7D","9/25/08","9/27/08",3,270,1100,"LV","DailyKos"
"Diageo/Hotline","9/25-27/08","905 RV",42,47,"-","-","-","8","+5D","9/25/08","9/27/08",3,270,905,"RV","Hotline"
"Gallup","9/25-27/08","2719 RV",42,50,"-","-","1","7","+8D","9/25/08","9/27/08",3,270,2719,"RV","Gallup"
"Zogby (Internet)","9/23-25/08","4752 LV",46,44,"-","-","-","10","+2R","9/23/08","9/25/08",3,268,4752,"LV","Zogby"
"DailyKos.com (D)/Research 2000","9/22-24/08","1100 LV",43,49,"2","2","2","2","+6D","9/22/08","9/24/08",3,267,1100,"LV","DailyKos"
"Rasmussen","9/22-24/08","3000 LV",46,49,"-","-","-","-","+3D","9/22/08","9/24/08",3,267,3000,"LV","Rasmussen"
"Diageo/Hotline","9/22-24/08","912 RV",43,47,"-","-","-","8","+4D","9/22/08","9/24/08",3,267,912,"RV","Hotline"
"Democracy Corps (D)","9/22-24/08","1007 LV",44,47,"2","2","0","2","+3D","9/22/08","9/24/08",3,267,1007,"LV",NA
"Gallup","9/22-24/08","2731 RV",46,46,"-","-","1","7","0","9/22/08","9/24/08",3,267,2731,"RV","Gallup"
"Economist/YouGov","9/22-24/08","1000 A",43,46,"-","-","3","7","+3D","9/22/08","9/24/08",3,267,1000,"A",NA
"CBS/Times","9/21-24/08","LV",43,48,"-","-","1","8","+5D","9/21/08","9/24/08",4,266.5,NA,"LV","NY Times"
"FOX","9/22-23/08","900 RV",39,45,"-","-","-","13","+6D","9/22/08","9/23/08",2,266.5,900,"RV","FOX"
"WNBC/Marist","9/22-23/08","698 LV",43,47,"-","-","2","8","+4D","9/22/08","9/23/08",2,266.5,698,"LV",NA
"ARG","9/20-22/08","1200 LV",46,48,"-","-","-","6","+2D","9/20/08","9/22/08",3,265,1200,"LV",NA
"ABC/Post","9/19-22/08","780 LV",43,52,"-","-","1","3","+9D","9/19/08","9/22/08",4,264.5,780,"LV",NA
"Times/Bloomberg","9/19-22/08","838 LV",45,49,"-","-","1","5","+4D","9/19/08","9/22/08",4,264.5,838,"LV","NY Times"
"Ipsos/McClatchy","9/18-22/08","923 RV",43,44,"-","-","4","9","+1D","9/18/08","9/22/08",5,264,923,"RV",NA
"Harris Interactive","9/15-22/08","1562 LV",46,47,"1","2","1","3","+1D","9/15/08","9/22/08",8,262.5,1562,"LV",NA
"NBC/WSJ","9/12-22/08","1085 RV",46,48,"-","-","2","4","+2D","9/12/08","9/22/08",11,261,1085,"RV",NA
"DailyKos.com (D)/Research 2000","9/19-21/08","1100 LV",43,49,"2","2","2","2","+6D","9/19/08","9/21/08",3,264,1100,"LV","DailyKos"
"Rasmussen","9/19-21/08","3000 LV",47,48,"-","-","-","-","+1D","9/19/08","9/21/08",3,264,3000,"LV","Rasmussen"
"Diageo/Hotline","9/19-21/08","915 RV",42,47,"-","-","-","9","+5D","9/19/08","9/21/08",3,264,915,"RV","Hotline"
"Gallup","9/19-21/08","2740 RV",44,48,"-","-","-","7","+4D","9/19/08","9/21/08",3,264,2740,"RV","Gallup"
"CNN","9/19-21/08","697 LV",47,51,"-","-","-","3","+4D","9/19/08","9/21/08",3,264,697,"LV","CNN"
"Franklin and Marshall/Hearst-Argyle","9/15-21/08","1320 RV",47,45,"-","-","-","-","+2R","9/15/08","9/21/08",7,262,1320,"RV",NA
"GWU (Lake/Tarrance)","9/14-21/08","800 LV",48,47,"-","-","-","6","+1R","9/14/08","9/21/08",8,261.5,800,"LV","GWU"
"Zogby (Internet)","9/19-20/08","2331 LV",43,47,"-","-","-","9","+4D","9/19/08","9/20/08",2,263.5,2331,"LV","Zogby"
"Rasmussen","9/16-18/08","3000 LV",48,48,"-","-","-","-","0","9/16/08","9/18/08",3,261,3000,"LV","Rasmussen"
"Gallup","9/16-18/08","2796 RV",44,49,"-","-","-","7","+5D","9/16/08","9/18/08",3,261,2796,"RV","Gallup"
"DailyKos.com (D)/Research 2000","9/16-18/08","1100 LV",42,49,"2","2","2","3","+7D","9/16/08","9/18/08",3,261,1100,"LV","DailyKos"
"Diageo/Hotline","9/16-18/08","915 RV",44,45,"-","-","-","7","+1D","9/16/08","9/18/08",3,261,915,"RV","Hotline"
"Big Ten","9/14-17/08","1114 RV",45,46,"-","-","1","8","+1D","9/14/08","9/17/08",4,259.5,1114,"RV",NA
"Economist/YouGov","9/15-16/08","1000 A",45,43,"-","-","3","10","+2R","9/15/08","9/16/08",2,259.5,1000,"A",NA
"CBS/Times","9/12-16/08","712 LV",44,49,"-","-","1","6","+5D","9/12/08","9/16/08",5,258,712,"LV","NY Times"
"Quinnipiac","9/11-16/08","987 LV",45,49,"-","-","1","5","+4D","9/11/08","9/16/08",6,257.5,987,"LV",NA
"ARG","9/13-15/08","1200 LV",48,45,"-","-","-","7","+3R","9/13/08","9/15/08",3,258,1200,"LV",NA
"Rasmussen","9/13-15/08","3000 LV",48,47,"-","-","-","-","+1R","9/13/08","9/15/08",3,258,3000,"LV","Rasmussen"
"Gallup","9/13-15/08","2800 RV",47,46,"-","-","-","7","+1R","9/13/08","9/15/08",3,258,2800,"RV","Gallup"
"DailyKos.com (D)/Research 2000","9/13-15/08","1100 LV",45,48,"2","2","1","3","+3D","9/13/08","9/15/08",3,258,1100,"LV","DailyKos"
"Diageo/Hotline","9/13-15/08","909 RV",42,46,"-","-","-","10","+4D","9/13/08","9/15/08",3,258,909,"RV","Hotline"
"Ipsos/McClatchy","9/11-15/08","1046 RV",45,45,"1","2","5","2","0","9/11/08","9/15/08",5,257,1046,"RV",NA
"ABC/USA Today/Columbia","9/11-14/08","1941 A",45,47,"-","-","3","4","+2D","9/11/08","9/14/08",4,256.5,1941,"A",NA
"Pew","9/9-14/08","2307 LV",46,46,"-","-","-","8","0","9/9/08","9/14/08",6,255.5,2307,"LV",NA
"Zogby/Reuters","9/11-13/08","1008 LV",45,47,"-","-","-","8","+2D","9/11/08","9/13/08",3,256,1008,"LV","Zogby"
"Rasmussen","9/10-12/08","3000 LV",49,46,"-","-","-","-","+3R","9/10/08","9/12/08",3,255,3000,"LV","Rasmussen"
"Gallup","9/10-12/08","2761 RV",47,45,"-","-","1","7","+2R","9/10/08","9/12/08",3,255,2761,"RV","Gallup"
"DailyKos.com (D)/Research 2000","9/10-12/08","1100 LV",47,47,"2","2","1","1","0","9/10/08","9/12/08",3,255,1100,"LV","DailyKos"
"Diageo/Hotline","9/10-12/08","912 RV",45,44,"-","-","-","10","+1R","9/10/08","9/12/08",3,255,912,"RV","Hotline"
"Newsweek","9/10-11/08","1038 RV",46,46,"-","-","-","8","0","9/10/08","9/11/08",2,254.5,1038,"RV",NA
"GWU (Lake/Tarrance)","9/7-11/08","1000 LV",48,44,"1","1","-","5","+4R","9/7/08","9/11/08",5,253,1000,"LV","GWU"
"Democracy Corps (D)","9/8-10/08","1000 LV",48,46,"1","2","1","1","+2R","9/8/08","9/10/08",3,253,1000,"LV",NA
"AP-Gfk","9/5-10/08","812 LV",48,44,"1","1","3","3","+4R","9/5/08","9/10/08",6,251.5,812,"LV",NA
"FOX","9/8-9/08","900 RV",45,42,"-","-","-","14","+3R","9/8/08","9/9/08",2,252.5,900,"RV","FOX"
"Economist/YouGov","9/7-9/08","1000 A",40,41,"-","-","2","14","+1D","9/7/08","9/9/08",3,252,1000,"A",NA
"Rasmussen","9/7-9/08","3000 LV",47,48,"-","-","-","-","+1D","9/7/08","9/9/08",3,252,3000,"LV","Rasmussen"
"Gallup","9/7-9/08","2714 RV",48,43,"-","-","1","8","+5R","9/7/08","9/9/08",3,252,2714,"RV","Gallup"
"Diageo/Hotline","9/7-9/08","902 RV",45,45,"-","-","-","10","0","9/7/08","9/9/08",3,252,902,"RV","Hotline"
"Ipsos/McClatchy","9/5-9/08","876 RV",46,45,"1","2","4","2","+1R","9/5/08","9/9/08",5,251,876,"RV",NA
"InsiderAdvantage","9/8/08","807 LV",46,46,"-","-","2","6","0","9/8/08","9/8/08",1,252,807,"LV",NA
"ARG","9/6-8/08","1200 LV",46,47,"-","-","-","7","+1D","9/6/08","9/8/08",3,251,1200,"LV",NA
"NBC/WSJ","9/6-8/08","860 RV",46,47,"-","-","2","5","+1D","9/6/08","9/8/08",3,251,860,"RV",NA
"Public Opinion Strategies (R)","9/6-8/08","800 LV",46,43,"1","2","-","6","+3R","9/6/08","9/8/08",3,251,800,"LV",NA
"USA Today/Gallup","9/5-7/08","823 LV",54,44,"-","-","-","2","+10R","9/5/08","9/7/08",3,250,823,"LV","Gallup"
"CNN","9/5-7/08","942 RV",48,48,"-","-","1","3","0","9/5/08","9/7/08",3,250,942,"RV","CNN"
"ABC/Post","9/5-7/08","LV",49,47,"-","-","2","3","+2R","9/5/08","9/7/08",3,250,NA,"LV",NA
"IBD/TIPP","9/2-7/08","868 RV",40,45,"-","-","-","13","+5D","9/2/08","9/7/08",6,248.5,868,"RV",NA
"Zogby (Internet)","9/5-6/08","2312 LV",50,46,"-","-","-","4","+4R","9/5/08","9/6/08",2,249.5,2312,"LV","Zogby"
"Rasmussen","9/4-6/08","3000 LV",48,48,"-","-","-","-","0","9/4/08","9/6/08",3,249,3000,"LV","Rasmussen"
"Gallup","9/4-6/08","2765 RV",48,45,"-","-","-","6","+3R","9/4/08","9/6/08",3,249,2765,"RV","Gallup"
"Diageo/Hotline","9/2-4/08","916 RV",40,46,"-","-","-","10","+6D","9/2/08","9/4/08",3,247,916,"RV","Hotline"
"Democracy Corps (D)","9/1-3/08","1000 LV",44,49,"2","1","2","0","+5D","9/1/08","9/3/08",3,246,1000,"LV",NA
"CBS","9/1-3/08","734 RV",42,42,"-","-","-","13","0","9/1/08","9/3/08",3,246,734,"RV",NA
"Economist/YouGov","9/1-3/08","1000 A",39,42,"-","-","3","13","+3D","9/1/08","9/3/08",3,246,1000,"A",NA
"Rasmussen","9/1-3/08","3000 LV",45,50,"-","-","-","-","+5D","9/1/08","9/3/08",3,246,3000,"LV","Rasmussen"
"Gallup","9/1-3/08","2771 RV",42,49,"-","-","1","9","+7D","9/1/08","9/3/08",3,246,2771,"RV","Gallup"
"ARG","8/30-9/1/08","1200 LV",43,49,"-","-","-","8","+6D","8/30/08","9/1/08",3,244,1200,"LV",NA
"CNN","8/29-31/08","927 RV",48,49,"-","-","0","2","+1D","8/29/08","8/31/08",3,243,927,"RV","CNN"
"CBS","8/29-31/08","781 RV",40,48,"-","-","1","11","+8D","8/29/08","8/31/08",3,243,781,"RV",NA
"Diageo/Hotline","8/29-31/08","805 RV",39,48,"-","-","-","8","+9D","8/29/08","8/31/08",3,243,805,"RV","Hotline"
"Zogby (Internet)","8/29-30/08","2020 LV",47,45,"-","-","-","8","+2R","8/29/08","8/30/08",2,242.5,2020,"LV","Zogby"
"Rasmussen","8/28-30/08","3000 LV",46,49,"-","-","-","-","+3D","8/28/08","8/30/08",3,242,3000,"LV","Rasmussen"
"Gallup","8/27-29/08","2709 RV",41,49,"-","-","1","9","+8D","8/27/08","8/29/08",3,241,2709,"RV","Gallup"
"Rasmussen","8/25-27/08","3000 LV",47,47,"-","-","-","-","0","8/25/08","8/27/08",3,239,3000,"LV","Rasmussen"
"Economist/YouGov","8/25-26/08","1000 A",36,41,"-","-","2","18","+5D","8/25/08","8/26/08",2,238.5,1000,"A",NA
"Gallup","8/24-26/08","2724 RV",44,45,"-","-","1","9","+1D","8/24/08","8/26/08",3,238,2724,"RV","Gallup"
"CNN","8/23-24/08","909 RV",47,47,"-","-","1","5","0","8/23/08","8/24/08",2,236.5,909,"RV","CNN"
"Zogby (Internet)","8/23-24/08","2248 LV",44,46,"-","-","-","-","+2D","8/23/08","8/24/08",2,236.5,2248,"LV","Zogby"
"Rasmussen","8/22-24/08","3000 LV",45,48,"-","-","-","-","+3D","8/22/08","8/24/08",3,236,3000,"LV","Rasmussen"
"Diageo/Hotline","8/18-24/08","1022 RV",40,44,"-","-","-","16","+4D","8/18/08","8/24/08",7,234,1022,"RV","Hotline"
"Gallup","8/21-23/08","2625 RV",45,45,"-","-","1","9","0","8/21/08","8/23/08",3,235,2625,"RV","Gallup"
"USA Today/Gallup","8/21-23/08","LV",45,48,"-","-","-","-","+3D","8/21/08","8/23/08",3,235,NA,"LV","Gallup"
"ABC/Post","8/19-22/08","LV",45,49,"-","-","3","4","+4D","8/19/08","8/22/08",4,233.5,NA,"LV",NA
"Rasmussen","8/19-21/08","3000 LV",46,47,"-","-","-","-","+1D","8/19/08","8/21/08",3,233,3000,"LV","Rasmussen"
"FOX","8/19-20/08","900 RV",39,42,"-","-","-","19","+3D","8/19/08","8/20/08",2,232.5,900,"RV","FOX"
"Economist/YouGov","8/18-20/08","1000 A",38,39,"-","-","4","16","+1D","8/18/08","8/20/08",3,232,1000,"A",NA
"Gallup","8/18-20/08","2680 RV",44,45,"-","-","2","9","+1D","8/18/08","8/20/08",3,232,2680,"RV","Gallup"
"CBS/Times","8/15-19/08","869 RV",42,45,"-","-","1","12","+3D","8/15/08","8/19/08",5,230,869,"RV","NY Times"
"Rasmussen","8/16-18/08","3000 LV",45,47,"-","-","-","-","+2D","8/16/08","8/18/08",3,230,3000,"LV","Rasmussen"
"Times/Bloomberg","8/15-18/08","1248 RV",43,45,"-","-","2","10","+2D","8/15/08","8/18/08",4,229.5,1248,"RV","NY Times"
"NBC/WSJ","8/15-18/08","1005 RV",42,45,"-","-","4","9","+3D","8/15/08","8/18/08",4,229.5,1005,"RV",NA
"Gallup","8/15-17/08","2660 RV",43,46,"-","-","1","10","+3D","8/15/08","8/17/08",3,229,2660,"RV","Gallup"
"Quinnipiac","8/12-17/08","1547 LV",42,47,"-","-","2","9","+5D","8/12/08","8/17/08",6,227.5,1547,"LV",NA
"Zogby/Reuters","8/14-16/08","1089 LV",46,41,"-","-","-","13","+5R","8/14/08","8/16/08",3,228,1089,"LV","Zogby"
"Rasmussen","8/13-15/08","3000 LV",45,46,"-","-","-","-","+1D","8/13/08","8/15/08",3,227,3000,"LV","Rasmussen"
"Zogby (Internet)","8/12-14/08","3339 LV",42,44,"-","-","-","14","+2D","8/12/08","8/14/08",3,226,3339,"LV","Zogby"
"Gallup","8/12-14/08","2690 RV",44,44,"-","-","1","11","0","8/12/08","8/14/08",3,226,2690,"RV","Gallup"
"GWU (Lake/Tarrance)","8/10-14/08","1000 LV",47,46,"-","-","-","7","+1R","8/10/08","8/14/08",5,225,1000,"LV","GWU"
"Economist/YouGov","8/11-13/08","1000 A",40,41,"-","-","4","12","+1D","8/11/08","8/13/08",3,225,1000,"A",NA
"Rasmussen","8/10-12/08","3000 LV",46,48,"-","-","-","-","+2D","8/10/08","8/12/08",3,224,3000,"LV","Rasmussen"
"Gallup","8/9-11/08","2656 RV",42,47,"-","-","1","10","+5D","8/9/08","8/11/08",3,223,2656,"RV","Gallup"
"Pew","7/31-8/10/08","2414 RV",43,46,"-","-","-","11","+3D","7/31/08","8/10/08",11,218,2414,"RV",NA
"Rasmussen","8/7-9/08","3000 LV",46,48,"-","-","-","-","+2D","8/7/08","8/9/08",3,221,3000,"LV","Rasmussen"
"IBD/TIPP","8/4-9/08","925 RV",38,43,"-","-","-","19","+5D","8/4/08","8/9/08",6,219.5,925,"RV",NA
"Gallup","8/6-8/08","2686 RV",42,47,"-","-","1","10","+5D","8/6/08","8/8/08",3,220,2686,"RV","Gallup"
"Harris Interactive","8/1-7/08","2488 RV",38,47,"2","3","3","7","+9D","8/1/08","8/7/08",7,217,2488,"RV",NA
"Sacred Heart U","7/28-8/7/08","800 A",27,38,"-","-","22","13","+11D","7/28/08","8/7/08",11,215,800,"A",NA
"Rasmussen","8/4-6/08","3000 LV",46,47,"-","-","-","-","+1D","8/4/08","8/6/08",3,218,3000,"LV","Rasmussen"
"Economist/YouGov","8/4-6/08","1000 A",39,42,"-","-","4","13","+3D","8/4/08","8/6/08",3,218,1000,"A",NA
"Gallup","8/3-5/08","2691 RV",44,46,"-","-","1","10","+2D","8/3/08","8/5/08",3,217,2691,"RV","Gallup"
"CBS","7/31-8/5/08","851 RV",39,45,"-","-","-","15","+6D","7/31/08","8/5/08",6,215.5,851,"RV",NA
"AP-Ipsos","7/31-8/4/08","833 RV",41,47,"2","3","5","3","+6D","7/31/08","8/4/08",5,215,833,"RV",NA
"Time","7/31-8/4/08","808 LV",41,46,"-","-","3","10","+5D","7/31/08","8/4/08",5,215,808,"LV",NA
"Rasmussen","8/1-3/08","3000 LV",47,46,"-","-","-","-","+1R","8/1/08","8/3/08",3,215,3000,"LV","Rasmussen"
"Gallup","7/31-8/2/08","2684 RV",44,45,"-","-","1","11","+1D","7/31/08","8/2/08",3,214,2684,"RV","Gallup"
"Zogby","7/31-8/1/08","1011 LV",42,41,"2","2","-","13","+1R","7/31/08","8/1/08",2,213.5,1011,"LV","Zogby"
"Rasmussen","7/29-31/08","3000 LV",46,47,"-","-","-","-","+1D","7/29/08","7/31/08",3,212,3000,"LV","Rasmussen"
"Gallup","7/28-30/08","2679 RV",44,45,"-","-","1","12","+1D","7/28/08","7/30/08",3,211,2679,"RV","Gallup"
"Economist/YouGov","7/28-29/08","1000 A",37,44,"-","-","5","14","+7D","7/28/08","7/29/08",2,210.5,1000,"A",NA
"CNN","7/27-29/08","914 RV",44,51,"-","-","1","4","+7D","7/27/08","7/29/08",3,210,914,"RV","CNN"
"Rasmussen","7/26-28/08","3000 LV",46,47,"-","-","-","-","+1D","7/26/08","7/28/08",3,209,3000,"LV","Rasmussen"
"Research 2000","7/25-27/08","1100 LV",39,51,"3","2","-","5","+12D","7/25/08","7/27/08",3,208,1100,"LV",NA
"Gallup","7/25-27/08","2674 RV",40,48,"-","-","1","10","+8D","7/25/08","7/27/08",3,208,2674,"RV","Gallup"
"USA Today/Gallup","7/25-27/08","791 LV",49,45,"-","-","1","5","+4R","7/25/08","7/27/08",3,208,791,"LV","Gallup"
"Pew","7/23-27/08","1241 RV",42,47,"-","-","-","11","+5D","7/23/08","7/27/08",5,207,1241,"RV",NA
"Rasmussen","7/23-25/08","3000 LV",43,49,"-","-","-","-","+6D","7/23/08","7/25/08",3,206,3000,"LV","Rasmussen"
"Economist/YouGov","7/22-24/08","1000 A",38,41,"-","-","5","14","+3D","7/22/08","7/24/08",3,205,1000,"A",NA
"Gallup","7/22-24/08","2695 RV",41,47,"-","-","1","11","+6D","7/22/08","7/24/08",3,205,2695,"RV","Gallup"
"Democracy Corps (D)","7/21-24/08","735 LV",43,49,"3","1","1","2","+6D","7/21/08","7/24/08",4,204.5,735,"LV",NA
"FOX","7/22-23/08","900 RV",37,40,"0","2","1","17","+3D","7/22/08","7/23/08",2,204.5,900,"RV","FOX"
"Rasmussen","7/20-22/08","3000 LV",45,47,"-","-","-","-","+2D","7/20/08","7/22/08",3,203,3000,"LV","Rasmussen"
"Gallup","7/19-21/08","2645 RV",42,45,"-","-","1","12","+3D","7/19/08","7/21/08",3,202,2645,"RV","Gallup"
"NBC/WSJ","7/18-21/08","1003 RV",41,47,"-","-","4","8","+6D","7/18/08","7/21/08",4,201.5,1003,"RV",NA
"Rasmussen","7/17-19/08","3000 LV",45,47,"-","-","-","-","+2D","7/17/08","7/19/08",3,200,3000,"LV","Rasmussen"
"Gallup","7/16-18/08","2657 RV",43,45,"-","-","1","10","+2D","7/16/08","7/18/08",3,199,2657,"RV","Gallup"
"Economist/YouGov","7/15-17/08","1000 A",36,41,"-","-","4","13","+5D","7/15/08","7/17/08",3,198,1000,"A",NA
"Rasmussen","7/14-16/08","3000 LV",46,46,"-","-","-","-","0","7/14/08","7/16/08",3,197,3000,"LV","Rasmussen"
"Gallup","7/13-15/08","2638 RV",44,47,"-","-","1","9","+3D","7/13/08","7/15/08",3,196,2638,"RV","Gallup"
"CBS/Times","7/7-14/08","1534 RV",39,45,"-","-","2","14","+6D","7/7/08","7/14/08",8,192.5,1534,"RV","NY Times"
"Rasmussen","7/11-13/08","3000 LV",46,47,"-","-","-","-","+1D","7/11/08","7/13/08",3,194,3000,"LV","Rasmussen"
"ABC/Post","7/10-13/08","LV",46,49,"-","-","3","2","+3D","7/10/08","7/13/08",4,193.5,NA,"LV",NA
"Zogby/Reuters","7/9-13/08","1039 LV",40,47,"-","-","3","10","+7D","7/9/08","7/13/08",5,193,1039,"LV","Zogby"
"Quinnipiac","7/8-13/08","1725 LV",41,50,"-","-","2","7","+9D","7/8/08","7/13/08",6,192.5,1725,"LV",NA
"Gallup","7/10-12/08","2635 RV",43,46,"-","-","1","10","+3D","7/10/08","7/12/08",3,193,2635,"RV","Gallup"
"IBD/TIPP","7/7-11/08","854 RV",37,40,"-","-","4","18","+3D","7/7/08","7/11/08",5,191,854,"RV",NA
"Harris Interactive","7/3-11/08","RV",35,44,"2","2","3","16","+9D","7/3/08","7/11/08",9,189,NA,"RV",NA
"Newsweek","7/9-10/08","1037 RV",41,44,"-","-","-","15","+3D","7/9/08","7/10/08",2,191.5,1037,"RV",NA
"Rasmussen","7/8-10/08","3000 LV",45,47,"-","-","-","-","+2D","7/8/08","7/10/08",3,191,3000,"LV","Rasmussen"
"Gallup","7/7-9/08","2647 RV",43,46,"-","-","1","10","+3D","7/7/08","7/9/08",3,190,2647,"RV","Gallup"
"Economist/YouGov","7/7-9/08","1000 A",38,39,"-","-","4","14","+1D","7/7/08","7/9/08",3,190,1000,"A",NA
"Rasmussen","7/2-7/08","3000 LV",43,49,"-","-","-","-","+6D","7/2/08","7/7/08",6,186.5,3000,"LV","Rasmussen"
"Gallup","7/3-6/08","2650 RV",43,47,"-","-","1","10","+4D","7/3/08","7/6/08",4,186.5,2650,"RV","Gallup"
"Economist/YouGov","7/1-2/08","1000 A",34,37,"-","-","3","17","+3D","7/1/08","7/2/08",2,183.5,1000,"A",NA
"Gallup","6/30-7/2/08","2641 RV",43,47,"-","-","1","10","+4D","6/30/08","7/2/08",3,183,2641,"RV","Gallup"
"Rasmussen","6/29-7/1/08","3000 LV",44,49,"-","-","-","-","+5D","6/29/08","7/1/08",3,182,3000,"LV","Rasmussen"
"Gallup","6/26-29/08","2656 RV",42,47,"-","-","1","10","+5D","6/26/08","6/29/08",4,179.5,2656,"RV","Gallup"
"CNN","6/26-29/08","906 RV",45,50,"-","-","-","5","+5D","6/26/08","6/29/08",4,179.5,906,"RV","CNN"
"McLaughlin (R)","6/26-29/08","1000 LV",38,46,"-","-","-","16","+8D","6/26/08","6/29/08",4,179.5,1000,"LV",NA
"Pew","6/18-29/08","1574 RV",40,48,"-","-","-","12","+8D","6/18/08","6/29/08",12,175.5,1574,"RV",NA
"Rasmussen","6/26-28/08","3000 LV",43,49,"-","-","-","-","+6D","6/26/08","6/28/08",3,179,3000,"LV","Rasmussen"
"Rasmussen","6/23-25/08","3000 LV",45,49,"-","-","-","-","+4D","6/23/08","6/25/08",3,176,3000,"LV","Rasmussen"
"Gallup","6/23-25/08","2605 RV",44,44,"-","-","1","11","0","6/23/08","6/25/08",3,176,2605,"RV","Gallup"
"Economist/YouGov","6/23-25/08","1000 A",34,36,"-","-","4","17","+2D","6/23/08","6/25/08",3,176,1000,"A",NA
"Democracy Corps (D)","6/22-25/08","2000 LV",45,49,"-","-","2","3","+4D","6/22/08","6/25/08",4,175.5,2000,"LV",NA
"Time","6/18-25/08","805 LV",43,47,"-","-","2","8","+4D","6/18/08","6/25/08",8,173.5,805,"LV",NA
"Times/Bloomberg","6/19-23/08","1115 RV",37,49,"-","-","4","10","+12D","6/19/08","6/23/08",5,173,1115,"RV","NY Times"
"Rasmussen","6/20-22/08","3000 LV",43,49,"-","-","-","-","+6D","6/20/08","6/22/08",3,173,3000,"LV","Rasmussen"
"Gallup","6/20-22/08","2608 RV",43,46,"-","-","1","9","+3D","6/20/08","6/22/08",3,173,2608,"RV","Gallup"
"Franklin and Marshall/Hearst-Argyle","6/16-22/08","1501 RV",36,42,"-","-","7","15","+6D","6/16/08","6/22/08",7,171,1501,"RV",NA
"Newsweek","6/18-19/08","896 RV",36,51,"-","-","-","13","+15D","6/18/08","6/19/08",2,170.5,896,"RV",NA
"Rasmussen","6/17-19/08","3000 LV",44,48,"-","-","-","-","+4D","6/17/08","6/19/08",3,170,3000,"LV","Rasmussen"
"Gallup","6/16-19/08","2648 RV",44,46,"-","-","1","9","+2D","6/16/08","6/19/08",4,169.5,2648,"RV","Gallup"
"USA Today/Gallup","6/15-19/08","1310 LV",44,50,"-","-","-","-","+6D","6/15/08","6/19/08",5,169,1310,"LV","Gallup"
"FOX","6/17-18/08","900 RV",39,42,"2","4","-","14","+3D","6/17/08","6/18/08",2,169.5,900,"RV","FOX"
"Economist/YouGov","6/16-17/08","1000 A",34,37,"-","-","5","16","+3D","6/16/08","6/17/08",2,168.5,1000,"A",NA
"Rasmussen","6/14-16/08","3000 LV",44,48,"-","-","-","-","+4D","6/14/08","6/16/08",3,167,3000,"LV","Rasmussen"
"Gallup","6/13-15/08","2607 RV",42,46,"-","-","1","12","+4D","6/13/08","6/15/08",3,166,2607,"RV","Gallup"
"Cook/RT","6/12-15/08","880 RV",40,44,"-","-","1","15","+4D","6/12/08","6/15/08",4,165.5,880,"RV",NA
"ABC/Post","6/12-15/08","LV",48,47,"-","-","3","2","+1R","6/12/08","6/15/08",4,165.5,NA,"LV",NA
"Zogby/Reuters","6/12-14/08","1113 LV",42,47,"-","-","-","12","+5D","6/12/08","6/14/08",3,165,1113,"LV","Zogby"
"Rasmussen","6/11-13/08","3000 LV",43,49,"-","-","-","-","+6D","6/11/08","6/13/08",3,164,3000,"LV","Rasmussen"
"Harris Interactive","6/5-13/08","2327 A",32,42,"-","-","14","12","+10D","6/5/08","6/13/08",9,161,2327,"A",NA
"Gallup","6/10-12/08","2714 RV",43,46,"-","-","1","10","+3D","6/10/08","6/12/08",3,163,2714,"RV","Gallup"
"Economist/YouGov","6/10-11/08","1000 A",33,37,"-","-","5","15","+4D","6/10/08","6/11/08",2,162.5,1000,"A",NA
"AP-Ipsos","6/5-11/08","467 LV",43,50,"-","-","5","1","+7D","6/5/08","6/11/08",7,160,467,"LV",NA
"Rasmussen","6/8-10/08","3000 LV",44,49,"-","-","-","-","+5D","6/8/08","6/10/08",3,161,3000,"LV","Rasmussen"
"Gallup","6/7-9/08","2633 RV",41,48,"-","-","1","10","+7D","6/7/08","6/9/08",3,160,2633,"RV","Gallup"
"NBC/WSJ","6/6-9/08","1000 RV",41,47,"-","-","4","8","+6D","6/6/08","6/9/08",4,159.5,1000,"RV",NA
"Diageo/Hotline","6/5-8/08","806 RV",42,44,"-","-","-","11","+2D","6/5/08","6/8/08",4,158.5,806,"RV","Hotline"
"IBD/TIPP","6/2-8/08","916 RV",40,43,"-","-","-","17","+3D","6/2/08","6/8/08",7,157,916,"RV",NA
"Rasmussen","6/5-7/08","3000 LV",43,50,"-","-","-","-","+7D","6/5/08","6/7/08",3,158,3000,"LV","Rasmussen"
"Gallup","6/2-6/08","4408 RV",45,46,"-","-","1","8","+1D","6/2/08","6/6/08",5,156,4408,"RV","Gallup"
"CNN","6/4-5/08","921 RV",46,49,"-","-","-","5","+3D","6/4/08","6/5/08",2,156.5,921,"RV","CNN"
"Rasmussen","6/2-4/08","3000 LV",45,47,"-","-","-","-","+2D","6/2/08","6/4/08",3,155,3000,"LV","Rasmussen"
"CBS","5/30-6/3/08","930 RV",42,48,"-","-","1","9","+6D","5/30/08","6/3/08",5,153,930,"RV",NA
"USA Today/Gallup","5/30-6/1/08","803 LV",44,49,"-","-","-","-","+5D","5/30/08","6/1/08",3,152,803,"LV","Gallup"
"Rasmussen","5/29-6/1/08","1600 LV",45,45,"-","-","-","-","0","5/29/08","6/1/08",4,151.5,1600,"LV","Rasmussen"
"Gallup","5/28-6/1/08","4378 RV",46,46,"-","-","1","7","0","5/28/08","6/1/08",5,151,4378,"RV","Gallup"
"Cook/RT","5/29-31/08","802 RV",43,44,"-","-","3","10","+1D","5/29/08","5/31/08",3,151,802,"RV",NA
"Economist/YouGov","5/27-28/08","1000 A",48,38,"-","-","-","15","+10R","5/27/08","5/28/08",2,148.5,1000,"A",NA
"Lombardo (R)","5/26-28/08","1000 RV",40,44,"-","-","-","-","+4D","5/26/08","5/28/08",3,148,1000,"RV",NA
"Rasmussen","5/25-28/08","1600 LV",47,42,"-","-","-","-","+5R","5/25/08","5/28/08",4,147.5,1600,"LV","Rasmussen"
"Gallup","5/22-27/08","4411 RV",46,45,"-","-","1","8","+1R","5/22/08","5/27/08",6,145.5,4411,"RV","Gallup"
"Democracy Corps (D)","5/19-26/08","1600 LV",47,47,"-","-","2","3","0","5/19/08","5/26/08",8,143.5,1600,"LV",NA
"Pew","5/21-25/08","1242 RV",44,47,"-","-","-","9","+3D","5/21/08","5/25/08",5,144,1242,"RV",NA
"Rasmussen","5/21-24/08","1600 LV",46,44,"-","-","-","-","+2R","5/21/08","5/24/08",4,143.5,1600,"LV","Rasmussen"
"Newsweek","5/21-22/08","1205 RV",46,46,"-","-","-","8","0","5/21/08","5/22/08",2,142.5,1205,"RV",NA
"Economist/YouGov","5/20-21/08","1000 A",41,43,"-","-","-","16","+2D","5/20/08","5/21/08",2,141.5,1000,"A",NA
"Gallup","5/17-21/08","4446 RV",44,47,"-","-","1","7","+3D","5/17/08","5/21/08",5,140,4446,"RV","Gallup"
"Rasmussen","5/17-20/08","1600 LV",45,44,"-","-","-","-","+1R","5/17/08","5/20/08",4,139.5,1600,"LV","Rasmussen"
"Harris Interactive","5/8-19/08","2317 A",35,39,"-","-","13","11","+4D","5/8/08","5/19/08",12,134.5,2317,"A",NA
"Zogby","5/15-18/08","1076 LV",40,48,"-","-","-","-","+8D","5/15/08","5/18/08",4,137.5,1076,"LV","Zogby"
"IBD/TIPP","5/12-18/08","876 RV",37,48,"-","-","-","15","+11D","5/12/08","5/18/08",7,136,876,"RV",NA
"Rasmussen","5/13-16/08","1600 LV",45,44,"-","-","-","-","+1R","5/13/08","5/16/08",4,135.5,1600,"LV","Rasmussen"
"Gallup","5/12-16/08","4385 RV",47,44,"-","-","1","8","+3R","5/12/08","5/16/08",5,135,4385,"RV","Gallup"
"Economist/YouGov","5/14-15/08","1000 A",42,39,"-","-","-","19","+3R","5/14/08","5/15/08",2,135.5,1000,"A",NA
"GWU (Lake/Tarrance)","5/11-14/08","1018 LV",47,49,"-","-","-","5","+2D","5/11/08","5/14/08",4,133.5,1018,"LV","GWU"
"Democracy Corps (D)","5/13/08","1014 LV",46,48,"-","-","2","4","+2D","5/13/08","5/13/08",1,134,1014,"LV",NA
"Rasmussen","5/9-12/08","1600 LV",46,47,"-","-","-","-","+1D","5/9/08","5/12/08",4,131.5,1600,"LV","Rasmussen"
"Quinnipiac","5/8-12/08","1245 RV",40,47,"-","-","2","8","+7D","5/8/08","5/12/08",5,131,1245,"RV",NA
"ABC/Post","5/8-11/08","1122 A",44,51,"-","-","3","1","+7D","5/8/08","5/11/08",4,130.5,1122,"A",NA
"Gallup","5/7-11/08","4370 RV",43,47,"-","-","1","8","+4D","5/7/08","5/11/08",5,130,4370,"RV","Gallup"
"NPR","5/7-10/08","800 LV",43,48,"-","-","1","5","+5D","5/7/08","5/10/08",4,129.5,800,"LV",NA
"Rasmussen","5/5-8/08","1600 LV",44,47,"-","-","-","-","+3D","5/5/08","5/8/08",4,127.5,1600,"LV","Rasmussen"
"Times/Bloomberg","5/1-8/08","1986 RV",40,46,"-","-","-","9","+6D","5/1/08","5/8/08",8,125.5,1986,"RV","NY Times"
"Economist/YouGov","5/5-6/08","1000 A",46,39,"-","-","-","15","+7R","5/5/08","5/6/08",2,126.5,1000,"A",NA
"Gallup","5/2-6/08","4382 RV",45,46,"-","-","1","9","+1D","5/2/08","5/6/08",5,125,4382,"RV","Gallup"
"Rasmussen","5/1-4/08","1600 LV",47,43,"-","-","-","-","+4R","5/1/08","5/4/08",4,123.5,1600,"LV","Rasmussen"
"AP-Ipsos","4/30-5/4/08","755 RV",42,46,"-","-","9","3","+4D","4/30/08","5/4/08",5,123,755,"RV",NA
"USA Today/Gallup","5/1-3/08","803 LV",48,47,"-","-","1","4","+1R","5/1/08","5/3/08",3,123,803,"LV","Gallup"
"CBS/Times","5/1-3/08","601 RV",38,50,"-","-","1","11","+12D","5/1/08","5/3/08",3,123,601,"RV","NY Times"
"Diageo/Hotline","4/30-5/3/08","803 RV",43,47,"-","-","-","10","+4D","4/30/08","5/3/08",4,122.5,803,"RV","Hotline"
"Economist/YouGov","4/30-5/2/08","1000 A",41,43,"-","-","-","16","+2D","4/30/08","5/2/08",3,122,1000,"A",NA
"Gallup","4/27-5/1/08","4381 RV",48,42,"-","-","1","10","+6R","4/27/08","5/1/08",5,120,4381,"RV","Gallup"
"CNN","4/28-30/08","906 RV",45,49,"-","-","-","7","+4D","4/28/08","4/30/08",3,120,906,"RV","CNN"
"Rasmussen","4/27-30/08","1600 LV",46,43,"-","-","-","-","+3R","4/27/08","4/30/08",4,119.5,1600,"LV","Rasmussen"
"FOX","4/28-29/08","900 RV",46,43,"-","-","-","11","+3R","4/28/08","4/29/08",2,119.5,900,"RV","FOX"
"CBS/Times","4/25-29/08","956 RV",45,45,"-","-","1","9","0","4/25/08","4/29/08",5,118,956,"RV","NY Times"
"NBC/WSJ","4/25-28/08","1006 RV",43,46,"-","-","5","6","+3D","4/25/08","4/28/08",4,117.5,1006,"RV",NA
"AP-Ipsos","4/23-27/08","1001 A",44,46,"-","-","8","2","+2D","4/23/08","4/27/08",5,116,1001,"A",NA
"Pew","4/23-27/08","1323 RV",44,50,"-","-","-","6","+6D","4/23/08","4/27/08",5,116,1323,"RV",NA
"Rasmussen","4/23-26/08","1600 LV",46,46,"-","-","-","-","0","4/23/08","4/26/08",4,115.5,1600,"LV","Rasmussen"
"Gallup","4/22-26/08","4383 RV",45,45,"-","-","1","9","0","4/22/08","4/26/08",5,115,4383,"RV","Gallup"
"Newsweek","4/24-25/08","1203 RV",44,47,"-","-","-","9","+3D","4/24/08","4/25/08",2,115.5,1203,"RV",NA
"Economist/YouGov","4/21-22/08","1000 A",45,42,"-","-","-","13","+3R","4/21/08","4/22/08",2,112.5,1000,"A",NA
"Rasmussen","4/19-22/08","1600 LV",47,44,"-","-","-","-","+3R","4/19/08","4/22/08",4,111.5,1600,"LV","Rasmussen"
"Gallup","4/17-21/08","4367 RV",45,45,"-","-","1","5","0","4/17/08","4/21/08",5,110,4367,"RV","Gallup"
"USA Today/Gallup","4/18-20/08","832 LV",44,49,"-","-","1","6","+5D","4/18/08","4/20/08",3,110,832,"LV","Gallup"
"Cook/RT","4/17-20/08","802 RV",44,45,"-","-","2","9","+1D","4/17/08","4/20/08",4,109.5,802,"RV",NA
"Rasmussen","4/15-18/08","1600 LV",48,41,"-","-","-","-","+7R","4/15/08","4/18/08",4,107.5,1600,"LV","Rasmussen"
"Newsweek","4/16-17/08","1209 RV",44,48,"-","-","-","8","+4D","4/16/08","4/17/08",2,107.5,1209,"RV",NA
"Democracy Corps (D)","4/15-17/08","1000 LV",47,48,"-","-","2","3","+1D","4/15/08","4/17/08",3,107,1000,"LV",NA
"Economist/YouGov","4/15-16/08","1000 A",45,42,"-","-","-","13","+3R","4/15/08","4/16/08",2,106.5,1000,"A",NA
"Gallup","4/12-16/08","4413 RV",44,46,"-","-","1","9","+2D","4/12/08","4/16/08",5,105,4413,"RV","Gallup"
"Rasmussen","4/11-14/08","1600 LV",47,43,"-","-","-","-","+4R","4/11/08","4/14/08",4,103.5,1600,"LV","Rasmussen"
"ABC/Post","4/10-13/08","RV",44,49,"-","-","3","2","+5D","4/10/08","4/13/08",4,102.5,NA,"RV",NA
"Harris Interactive","4/11-12/08","2869 A",35,41,"-","-","13","11","+6D","4/11/08","4/12/08",2,102.5,2869,"A",NA
"Zogby","4/10-12/08","1049 LV",45,45,"-","-","-","-","0","4/10/08","4/12/08",3,102,1049,"LV","Zogby"
"Gallup","4/7-11/08","4400 RV",43,46,"-","-","1","10","+3D","4/7/08","4/11/08",5,100,4400,"RV","Gallup"
"Rasmussen","4/7-10/08","1600 LV",47,44,"-","-","-","-","+3R","4/7/08","4/10/08",4,99.5,1600,"LV","Rasmussen"
"AP-Ipsos","4/7-9/08","1005 A",45,45,"-","-","7","3","0","4/7/08","4/9/08",3,99,1005,"A",NA
"Economist/YouGov","4/7-8/08","1000 A",44,44,"-","-","-","13","0","4/7/08","4/8/08",2,98.5,1000,"A",NA
"Economist/YouGov","4/4-7/08","1000 A",44,43,"-","-","-","13","+1R","4/4/08","4/7/08",4,96.5,1000,"A",NA
"Rasmussen","4/3-6/08","1600 LV",46,45,"-","-","-","-","+1R","4/3/08","4/6/08",4,95.5,1600,"LV","Rasmussen"
"Gallup","4/2-6/08","4380 RV",45,45,"-","-","1","9","0","4/2/08","4/6/08",5,95,4380,"RV","Gallup"
"IBD/TIPP","4/1-6/08","RV",44,44,"-","-","-","12","0","4/1/08","4/6/08",6,94.5,NA,"RV",NA
"Rasmussen","3/30-4/2/08","1600 LV",48,41,"-","-","-","-","+7R","3/30/08","4/2/08",4,91.5,1600,"LV","Rasmussen"
"CBS/Times","3/28-4/2/08","1196 RV",42,47,"-","-","1","10","+5D","3/28/08","4/2/08",6,90.5,1196,"RV","NY Times"
"Gallup","3/28-4/1/08","4431 RV",46,44,"-","-","1","8","+2R","3/28/08","4/1/08",5,90,4431,"RV","Gallup"
"Diageo/Hotline","3/28-31/08","799 RV",46,44,"-","-","-","8","+2R","3/28/08","3/31/08",4,89.5,799,"RV","Hotline"
"Rasmussen","3/26-29/08","1600 LV",47,44,"-","-","-","-","+3R","3/26/08","3/29/08",4,87.5,1600,"LV","Rasmussen"
"Voter/Consumer (R-RNC)","3/25-27/08","800 RV",48,42,"-","-","-","-","+6R","3/25/08","3/27/08",3,86,800,"RV",NA
"Democracy Corps (D)","3/25-27/08","500 LV",49,46,"-","-","2","3","+3R","3/25/08","3/27/08",3,86,500,"LV",NA
"Gallup","3/22-27/08","4398 RV",46,44,"-","-","1","10","+2R","3/22/08","3/27/08",6,84.5,4398,"RV","Gallup"
"Economist/YouGov","3/24-26/08","1000 A",44,42,"-","-","-","14","+2R","3/24/08","3/26/08",3,85,1000,"A",NA
"NBC/WSJ","3/24-25/08","700 RV",42,44,"-","-","4","10","+2D","3/24/08","3/25/08",2,84.5,700,"RV",NA
"Rasmussen","3/22-25/08","1600 LV",51,41,"-","-","-","-","+10R","3/22/08","3/25/08",4,83.5,1600,"LV","Rasmussen"
"Economist/YouGov","3/21-24/08","1000 A",45,41,"-","-","-","14","+4R","3/21/08","3/24/08",4,82.5,1000,"A",NA
"Harris Interactive","3/14-24/08","2549 A",33,39,"-","-","17","12","+6D","3/14/08","3/24/08",11,79,2549,"A",NA
"Pew","3/19-22/08","1248 RV",43,49,"-","-","-","8","+6D","3/19/08","3/22/08",4,80.5,1248,"RV",NA
"Rasmussen","3/18-21/08","1600 LV",49,41,"-","-","-","-","+8R","3/18/08","3/21/08",4,79.5,1600,"LV","Rasmussen"
"Gallup","3/17-21/08","4376 RV",46,44,"-","-","1","8","+2R","3/17/08","3/21/08",5,79,4376,"RV","Gallup"
"FOX","3/18-19/08","900 RV",44,43,"-","-","-","13","+1R","3/18/08","3/19/08",2,78.5,900,"RV","FOX"
"CBS","3/15-18/08","952 RV",43,48,"-","-","-","6","+5D","3/15/08","3/18/08",4,76.5,952,"RV",NA
"Rasmussen","3/14-17/08","1600 LV",48,42,"-","-","-","-","+6R","3/14/08","3/17/08",4,75.5,1600,"LV","Rasmussen"
"USA Today/Gallup","3/14-16/08","685 LV",47,49,"-","-","-","-","+2D","3/14/08","3/16/08",3,75,685,"LV","Gallup"
"CNN","3/14-16/08","950 RV",46,47,"-","-","1","6","+1D","3/14/08","3/16/08",3,75,950,"RV","CNN"
"Gallup","3/12-16/08","4390 RV",46,44,"-","-","1","9","+2R","3/12/08","3/16/08",5,74,4390,"RV","Gallup"
"Zogby","3/13-14/08","1001 LV",46,40,"-","-","-","-","+6R","3/13/08","3/14/08",2,73.5,1001,"LV","Zogby"
"Rasmussen","3/10-13/08","1600 LV",45,44,"-","-","-","-","+1R","3/10/08","3/13/08",4,71.5,1600,"LV","Rasmussen"
"Gallup","3/7-11/08","4372 RV",44,46,"-","-","1","9","+2D","3/7/08","3/11/08",5,69,4372,"RV","Gallup"
"NBC/WSJ","3/7-10/08","1012 RV",44,47,"-","-","3","6","+3D","3/7/08","3/10/08",4,68.5,1012,"RV",NA
"Rasmussen","3/6-9/08","1600 LV",45,44,"-","-","-","-","+1R","3/6/08","3/9/08",4,67.5,1600,"LV","Rasmussen"
"Cook/RT","3/6-9/08","802 RV",45,43,"-","-","2","11","+2R","3/6/08","3/9/08",4,67.5,802,"RV",NA
"Newsweek","3/5-6/08","1215 RV",45,46,"-","-","-","9","+1D","3/5/08","3/6/08",2,65.5,1215,"RV",NA
"Rasmussen","3/2-5/08","1600 LV",46,44,"-","-","-","-","+2R","3/2/08","3/5/08",4,63.5,1600,"LV","Rasmussen"
"SurveyUSA","3/4/08","1041 RV",46,46,"-","-","-","-","0","3/4/08","3/4/08",1,64,1041,"RV",NA
"Cook/RT","2/28-3/2/08","802 RV",38,47,"-","-","3","12","+9D","2/28/08","3/2/08",4,60.5,802,"RV",NA
"ABC/Post","2/28-3/2/08","LV",42,53,"-","-","2","3","+11D","2/28/08","3/2/08",4,60.5,NA,"LV",NA
"Rasmussen","2/27-3/1/08","1600 LV",48,43,"-","-","-","-","+5R","2/27/08","3/1/08",4,59.5,1600,"LV","Rasmussen"
"Economist/YouGov","2/25-26/08","1000 A",44,43,"-","-","-","13","+1R","2/25/08","2/26/08",2,56.5,1000,"A",NA
"Democracy Corps (D)","2/24-26/08","1956 LV",47,48,"-","-","2","4","+1D","2/24/08","2/26/08",3,56,1956,"LV",NA
"Rasmussen","2/23-26/08","1600 LV",46,43,"-","-","-","-","+3R","2/23/08","2/26/08",4,55.5,1600,"LV","Rasmussen"
"Times/Bloomberg","2/21-25/08","1246 RV",44,42,"-","-","5","9","+2R","2/21/08","2/25/08",5,54,1246,"RV","NY Times"
"AP-Ipsos","2/22-24/08","1011 A",41,51,"-","-","6","2","+10D","2/22/08","2/24/08",3,54,1011,"A",NA
"USA Today/Gallup","2/21-24/08","1653 LV",48,47,"-","-","1","4","+1R","2/21/08","2/24/08",4,53.5,1653,"LV","Gallup"
"CBS/Times","2/20-24/08","1115 RV",38,50,"-","-","1","11","+12D","2/20/08","2/24/08",5,53,1115,"RV","NY Times"
"Pew","2/20-24/08","1240 RV",43,50,"-","-","-","7","+7D","2/20/08","2/24/08",5,53,1240,"RV",NA
"Rasmussen","2/19-22/08","1600 LV",46,43,"-","-","-","-","+3R","2/19/08","2/22/08",4,51.5,1600,"LV","Rasmussen"
"Research 2000","2/18-21/08","802 LV",44,50,"-","-","-","6","+6D","2/18/08","2/21/08",4,50.5,802,"LV",NA
"FOX","2/19-20/08","900 RV",43,47,"-","-","-","10","+4D","2/19/08","2/20/08",2,50.5,900,"RV","FOX"
"Economist/YouGov","2/19-20/08","1000 A",44,45,"-","-","-","14","+1D","2/19/08","2/20/08",2,50.5,1000,"A",NA
"Rasmussen","2/15-18/08","1600 LV",43,46,"-","-","-","-","+3D","2/15/08","2/18/08",4,47.5,1600,"LV","Rasmussen"
"Diageo/Hotline","2/14-17/08","801 RV",40,48,"-","-","-","12","+8D","2/14/08","2/17/08",4,46.5,801,"RV","Hotline"
"Zogby/Reuters","2/13-16/08","1015 LV",40,47,"-","-","4","8","+7D","2/13/08","2/16/08",4,45.5,1015,"LV","Zogby"
"Rasmussen","2/11-14/08","1600 LV",43,46,"-","-","-","-","+3D","2/11/08","2/14/08",4,43.5,1600,"LV","Rasmussen"
"Economist/YouGov","2/11-12/08","1000 A",39,49,"-","-","-","13","+10D","2/11/08","2/12/08",2,42.5,1000,"A",NA
"USA Today/Gallup","2/8-10/08","706 LV",46,50,"-","-","-","3","+4D","2/8/08","2/10/08",3,40,706,"LV","Gallup"
"AP-Ipsos","2/7-10/08","1029 A",42,48,"-","-","8","2","+6D","2/7/08","2/10/08",4,39.5,1029,"A",NA
"Rasmussen","2/7-10/08","1600 LV",40,44,"-","-","-","-","+4D","2/7/08","2/10/08",4,39.5,1600,"LV","Rasmussen"
"Rasmussen","2/3-6/08","1600 LV",43,46,"-","-","-","-","+3D","2/3/08","2/6/08",4,35.5,1600,"LV","Rasmussen"
"Economist/YouGov","2/4-5/08","1000 A",38,44,"-","-","-","18","+6D","2/4/08","2/5/08",2,35.5,1000,"A",NA
"Time","2/1-4/08","958 LV",41,48,"-","-","2","9","+7D","2/1/08","2/4/08",4,33.5,958,"LV",NA
"CNN","2/1-3/08","947 RV",44,52,"-","-","1","4","+8D","2/1/08","2/3/08",3,33,947,"RV","CNN"
"Cook/RT","1/31-2/2/08","855 RV",43,45,"-","-","2","9","+2D","1/31/08","2/2/08",3,32,855,"RV",NA
"ABC/Post","1/30-2/1/08","RV",48,47,"-","-","2","2","+1R","1/30/08","2/1/08",3,31,NA,"RV",NA
"FOX","1/30-31/08","900 RV",43,44,"-","-","-","13","+1D","1/30/08","1/31/08",2,30.5,900,"RV","FOX"
"NPR","1/29-31/08","1000 LV",48,47,"-","-","3","2","+1R","1/29/08","1/31/08",3,30,1000,"LV",NA
"Democracy Corps (D)","1/29-31/08","500 LV",48,47,"-","-","3","2","+1R","1/29/08","1/31/08",3,30,500,"LV",NA
"NBC/WSJ","1/20-22/08","1008 A",42,42,"-","-","6","10","0","1/20/08","1/22/08",3,21,1008,"A",NA
"Times/Bloomberg","1/18-22/08","1541 RV",42,41,"-","-","5","12","+1R","1/18/08","1/22/08",5,20,1541,"RV","NY Times"
"USA Today/Gallup","1/10-13/08","1598 LV",50,45,"-","-","1","4","+5R","1/10/08","1/13/08",4,11.5,1598,"LV","Gallup"
"Diageo/Hotline","1/10-12/08","803 RV",42,43,"-","-","-","14","+1D","1/10/08","1/12/08",3,11,803,"RV","Hotline"
"Zogby/Reuters","1/10-11/08","1006 LV",45,43,"-","-","-","-","+2R","1/10/08","1/11/08",2,10.5,1006,"LV","Zogby"
"CNN","1/8-10/08","840 RV",48,49,"-","-","-","3","+1D","1/8/08","1/10/08",3,9,840,"RV","CNN"
"FOX","12/18-19/07","900 RV",44,40,"-","-","-","17","+4R","12/18/07","12/19/07",2,-12.5,900,"RV","FOX"
"Rasmussen","12/14-16/07","800 LV",45,43,"-","-","9","3","+2R","12/14/07","12/16/07",3,-16,800,"LV","Rasmussen"
"Zogby","12/12-14/07","1000 LV",43,47,"-","-","-","-","+4D","12/12/07","12/14/07",3,-18,1000,"LV","Zogby"
"CNN","12/6-9/07","912 RV",48,48,"-","-","-","4","0","12/6/07","12/9/07",4,-23.5,912,"RV","CNN"
"Gallup","11/11-14/07","897 RV",44,47,"-","-","-","10","+3D","11/11/07","11/14/07",4,-48.5,897,"RV","Gallup"
"Quinnipiac","10/23-29/07","1636 RV",43,43,"-","-","3","8","0","10/23/07","10/29/07",7,-66,1636,"RV",NA
"Times/Bloomberg","10/19-22/07","1209 RV",36,44,"-","-","7","13","+8D","10/19/07","10/22/07",4,-71.5,1209,"RV","NY Times"
"Rasmussen","10/17-18/07","800 LV",45,44,"-","-","7","4","+1R","10/17/07","10/18/07",2,-74.5,800,"LV","Rasmussen"
"FOX","9/25-26/07","900 RV",38,40,"-","-","-","22","+2D","9/25/07","9/26/07",2,-96.5,900,"RV","FOX"
"Rasmussen","9/19-20/07","800 LV",41,46,"-","-","10","3","+5D","9/19/07","9/20/07",2,-102.5,800,"LV","Rasmussen"
"Rasmussen","8/15-16/07","800 LV",40,46,"-","-","10","4","+6D","8/15/07","8/16/07",2,-137.5,800,"LV","Rasmussen"
"Quinnipiac","8/7-13/07","1545 RV",39,43,"-","-","3","11","+4D","8/7/07","8/13/07",7,-143,1545,"RV",NA
"FOX","7/17-18/07","900 RV",37,47,"-","-","-","16","+10D","7/17/07","7/18/07",2,-166.5,900,"RV","FOX"
"Rasmussen","7/16-17/07","800 LV",38,47,"-","-","10","5","+9D","7/16/07","7/17/07",2,-167.5,800,"LV","Rasmussen"
"Zogby","7/12-14/07","1012 LV",42,45,"-","-","5","8","+3D","7/12/07","7/14/07",3,-171,1012,"LV","Zogby"
"CNN","6/22-24/07","907 RV",44,48,"-","-","-","8","+4D","6/22/07","6/24/07",3,-191,907,"RV","CNN"
"Newsweek","6/20-21/07","831 RV",41,51,"-","-","-","8","+10D","6/20/07","6/21/07",2,-193.5,831,"RV",NA
"Gallup","6/11-14/07","927 RV",46,48,"-","-","-","5","+2D","6/11/07","6/14/07",4,-201.5,927,"RV","Gallup"
"Quinnipiac","6/5-11/07","1711 RV",41,43,"-","-","3","10","+2D","6/5/07","6/11/07",7,-206,1711,"RV",NA
"Times/Bloomberg","6/7-10/07","1056 RV",35,47,"-","-","10","8","+12D","6/7/07","6/10/07",4,-205.5,1056,"RV","NY Times"
"Zogby","5/17-20/07","993 LV",43,46,"-","-","3","8","+3D","5/17/07","5/20/07",4,-226.5,993,"LV","Zogby"
"Diageo/Hotline","5/16-20/07","800 RV",39,42,"-","-","-","19","+3D","5/16/07","5/20/07",5,-227,800,"RV","Hotline"
"Newsweek","5/2-3/07","831 RV",39,52,"-","-","-","9","+13D","5/2/07","5/3/07",2,-242.5,831,"RV",NA
"Rasmussen","5/2-3/07","800 LV",42,46,"-","-","7","4","+4D","5/2/07","5/3/07",2,-242.5,800,"LV","Rasmussen"
"WNBC/Marist","4/26-5/1/07","823 RV",46,39,"-","-","-","15","+7R","4/26/07","5/1/07",6,-246.5,823,"RV",NA
"Quinnipiac","4/25-5/1/07","1166 RV",42,42,"-","-","2","12","0","4/25/07","5/1/07",7,-247,1166,"RV",NA
"Diageo/Hotline","4/26-30/07","801 RV",37,48,"-","-","-","15","+11D","4/26/07","4/30/07",5,-247,801,"RV","Hotline"
"NBC/WSJ","4/20-23/07","1004 A",39,45,"-","-","5","11","+6D","4/20/07","4/23/07",4,-253.5,1004,"A",NA
"Rasmussen","4/9-10/07","800 LV",42,48,"-","-","6","4","+6D","4/9/07","4/10/07",2,-265.5,800,"LV","Rasmussen"
"Times/Bloomberg","4/5-9/07","1246 RV",40,48,"-","-","5","7","+8D","4/5/07","4/9/07",5,-268,1246,"RV","NY Times"
"Time","4/5-9/07","1102 RV",42,47,"-","-","1","11","+5D","4/5/07","4/9/07",5,-268,1102,"RV",NA
"Time","3/23-26/07","1102 RV",45,43,"-","-","1","11","+2R","3/23/07","3/26/07",4,-281.5,1102,"RV",NA
"McLaughlin (R)","3/21-25/07","1000 LV",38,39,"-","-","-","23","+1D","3/21/07","3/25/07",5,-283,1000,"LV",NA
"Democracy Corps (D)","3/20-25/07","763 LV",43,50,"-","-","2","4","+7D","3/20/07","3/25/07",6,-283.5,763,"LV",NA
"Rasmussen","3/14-15/07","800 LV",44,44,"-","-","8","3","0","3/14/07","3/15/07",2,-291.5,800,"LV","Rasmussen"
"Time","3/9-12/07","1918 RV",41,44,"-","-","1","13","+3D","3/9/07","3/12/07",4,-295.5,1918,"RV",NA
"ARG","3/2-5/07","2104 LV",46,42,"-","-","-","12","+4R","3/2/07","3/5/07",4,-302.5,2104,"LV",NA
"Newsweek","2/28-3/1/07","1202 RV",43,45,"-","-","-","12","+2D","2/28/07","3/1/07",2,-305.5,1202,"RV",NA
"Time","2/23-26/07","1144 RV",42,46,"-","-","1","11","+4D","2/23/07","2/26/07",4,-309.5,1144,"RV",NA
"Zogby","2/22-24/07","1078 LV",40,44,"-","-","3","13","+4D","2/22/07","2/24/07",3,-311,1078,"LV","Zogby"
"Quinnipiac","2/13-19/07","1536 RV",43,43,"-","-","1","10","0","2/13/07","2/19/07",7,-318,1536,"RV",NA
"WNBC/Marist","2/12-15/07","978 RV",44,41,"-","-","-","15","+3R","2/12/07","2/15/07",4,-320.5,978,"RV",NA
"USA Today/Gallup","2/9-11/07","936 RV",48,48,"-","-","-","4","0","2/9/07","2/11/07",3,-324,936,"RV","Gallup"
"Rasmussen","2/7-8/07","800 LV",44,44,"-","-","7","5","0","2/7/07","2/8/07",2,-326.5,800,"LV","Rasmussen"
"Newsweek","1/24-25/07","837 RV",42,48,"-","-","-","10","+6D","1/24/07","1/25/07",2,-340.5,837,"RV",NA
"Time","1/22-23/07","1064 RV",49,42,"-","-","-","8","+7R","1/22/07","1/23/07",2,-342.5,1064,"RV",NA
"ABC/Post","1/16-19/07","1000 A",45,47,"-","-","3","3","+2D","1/16/07","1/19/07",4,-347.5,1000,"A",NA
"Newsweek","1/17-18/07","1003 RV",44,46,"-","-","-","10","+2D","1/17/07","1/18/07",2,-347.5,1003,"RV",NA
"Rasmussen","1/17-18/07","800 LV",44,47,"-","-","6","4","+3D","1/17/07","1/18/07",2,-347.5,800,"LV","Rasmussen"
"Diageo/Hotline","1/11-14/07","800 RV",43,38,"-","-","-","20","+5R","1/11/07","1/14/07",4,-352.5,800,"RV","Hotline"
"GWU (Lake/Tarrance)","1/8-11/07","1000 LV",51,39,"-","-","-","10","+12R","1/8/07","1/11/07",4,-355.5,1000,"LV","GWU"
"IBD/TIPP","1/2-4/07","951 A",48,36,"-","-","6","10","+12R","1/2/07","1/4/07",3,-362,951,"A",NA
